{
	// Place your snippets for shellscript here. Each snippet is defined under a snippet name and has a prefix, body and 
	// description. The prefix is what is used to trigger the snippet and the body will be expanded and inserted. Possible variables are:
	// $1, $2 for tab stops, $0 for the final cursor position, and ${1:label}, ${2:another} for placeholders. Placeholders with the 
	// same ids are connected.
	// Example:
	// "Print to console": {
	// 	"prefix": "log",
	// 	"body": [
	// 		"console.log('$1');",
	// 		"$2"
	// 	],
	// 	"description": "Log output to console"
	// }
	"add shebang": {
		"prefix": "#!",
		"body": [
			"#!/bin/bash"
		],
		"description": "Add shebang to script"
	},
	"change to black": {
		"prefix": "black",
		"body": [
			"\\033[30m"
		],
		"description": "Change to black"
	},
	"change to red": {
		"prefix": "red",
		"body": [
			"\\033[31m"
		],
		"description": "Change to red"
	},
	"change to green": {
		"prefix": "green",
		"body": [
			"\\033[32m"
		],
		"description": "Change to green"
	},
	"change to brown": {
		"prefix": "brown",
		"body": [
			"\\033[33m"
		],
		"description": "Change to brown"
	},
	"change to blue": {
		"prefix": "blue",
		"body": [
			"\\033[34m"
		],
		"description": "Change to blue"
	},
	"change to purple": {
		"prefix": "purple",
		"body": [
			"\\033[35m"
		],
		"description": "Change to purple"
	},
	"change to cyan": {
		"prefix": "cyan",
		"body": [
			"\\033[36m"
		],
		"description": "Change to cyan"
	},
	"change to white": {
		"prefix": "white",
		"body": [
			"\\033[37m"
		],
		"description": "Change to white"
	},
	"change to clear": {
		"prefix": "clear",
		"body": [
			"\\033[0m"
		],
		"description": "Change to clear"
	}


